<?xml version="1.0" encoding="UTF-8"?>
<Particle xmlns:xsi="http://www.w3.org/2001/XMLSchema-instance" xmlns:xsd="http://www.w3.org/2001/XMLSchema">
    <BlendState>1</BlendState>
    <Loop>false</Loop>
    <TextureFile>Explosion.png</TextureFile>
    <MaxParticles>5</MaxParticles>
    <ReadyTime>0.2</ReadyTime>
    <ReadyRandomTime>40</ReadyRandomTime>
    <StartVelocity>0</StartVelocity>
    <EndVelocity>0</EndVelocity>
    <MinHorizontalVelocity>0.1</MinHorizontalVelocity>
    <MaxHorizontalVelocity>0.1</MaxHorizontalVelocity>
    <MinVerticalVelocity>0.1</MinVerticalVelocity>
    <MaxVerticalVelocity>0.1</MaxVerticalVelocity>
    <Gravity X="0" Y="0" Z="0"/>
    <ColorAmount>1</ColorAmount>
    <MinColor R="0.5" G="0.5" B="0.5" A="0.5"/>
    <MaxColor R="1" G="1" B="1" A="1"/>
    <MinRotateSpeed>-1</MinRotateSpeed>
    <MaxRotateSpeed>1</MaxRotateSpeed>
    <MinStartSize>20</MinStartSize>
    <MaxStartSize>30</MaxStartSize>
    <MinEndSize>50</MinEndSize>
    <MaxEndSize>80</MaxEndSize>
</Particle>
